날짜,요일,날씨,기온,판매량
2026-08-03,월,맑음,30.3,406
2026-08-04,화,비,29.6,323
2026-08-05,수,흐림,27.6,408
2026-08-06,목,맑음,22.2,425
2026-08-07,금,맑음,29.1,495
2026-08-08,토,비,23.1,554
2026-08-09,일,흐림,28.1,570
2026-08-10,월,비,23.3,344
2026-08-11,화,맑음,25.0,381
2026-08-12,수,맑음,30.0,422
2026-08-13,목,맑음,26.1,397
2026-08-14,금,비,22.8,415
2026-08-15,토,흐림,28.8,593
2026-08-16,일,맑음,23.9,543
2026-08-17,월,흐림,25.7,394
2026-08-18,화,비,26.7,324
2026-08-19,수,맑음,30.9,
2026-08-20,목,비,22.3,340
2026-08-21,금,흐림,23.6,455
2026-08-22,토,맑음,29.3,576
2026-08-23,일,비,24.0,510
2026-08-24,월,흐림,29.3,426
2026-08-25,화,맑음,22.4,391
2026-08-26,수,흐림,26.5,422
2026-08-27,목,비,24.2,356
2026-08-28,금,흐림,24.3,460
2026-08-29,토,맑음,30.7,578
2026-08-30,일,흐림,26.5,561
2026-08-31,월,맑음,28.7,416
2026-09-01,화,맑음,22.1,397
2026-09-02,수,흐림,30.9,419
2026-09-03,목,맑음,22.8,428
2026-09-04,금,비,25.5,407
2026-09-05,토,비,28.0,556
2026-09-06,일,흐림,27.9,557
2026-09-07,월,흐림,23.8,396
2026-09-08,화,맑음,30.5,373
2026-09-09,수,비,23.3,361
2026-09-10,목,흐림,26.4,
2026-09-11,금,맑음,22.1,475
2026-09-12,토,맑음,29.2,604
2026-09-13,일,맑음,30.2,540
2026-09-14,월,흐림,24.1,430
2026-09-15,화,비,23.3,311
2026-09-16,수,비,30.7,349
2026-09-17,목,맑음,29.9,420
2026-09-18,금,맑음,28.2,486
2026-09-19,토,맑음,29.6,598
2026-09-20,일,흐림,30.5,535
2026-09-21,월,흐림,25.6,408
2026-09-22,화,흐림,30.1,410
2026-09-23,수,흐림,25.1,421
2026-09-24,목,맑음,29.5,421
2026-09-25,금,맑음,24.4,497
2026-09-26,토,비,26.7,544
2026-09-27,일,비,25.5,502
